Date,State,Parameter,Value,Chunk ID
2025-07-21,All India,Reported Statistic,"Rice : About 176.68 lakh ha area coverage under Kharif Rice as compared to 157.21 lakh ha during the corresponding period of last year.
- Soybean : About 111.67 lakh ha area coverage under Soyabean has been reported as compared to 118.96 lakh ha during the corresponding period of last year.
- Sugarcane : About 55.16 lakh ha area coverage under Sugarcane has been reported as compared to 54.88 lakh ha during the corresponding period of last year.
- Cotton : About 98.55 lakh ha area coverage has been reported compared to 102.05 lakh ha during the corresponding period of last year;",Minutes of the meeting of CWWG as on 21.07.2025_p1_c1
2025-08-04,Odisha,Reported Statistic,"Rice : About 319.40 lakh ha (79.2% of Normal) area coverage under Kharif Rice as compared to 273.72 lakh ha during the corresponding period of last year.
- Soybean : About 118.54 lakh ha (93.2 % of Normal) area coverage under Soyabean has been reported as compared to 123.45 lakh ha during the corresponding period of last year.
- Sugarcane : About 57.31 lakh ha area coverage under Sugarcane has been reported as compared to 55.68 lakh ha during the corresponding period of last year.
- Cotton : About 105.87 lakh ha (81.7% of Normal) area coverage has been reported compared to 108.43 lakh ha during the corresponding period of last year.",Minutes of the meeting of CWWG as on 04.08.2025_p1_c2
2025-08-11,Odisha,Reported Statistic," Rice : About 364.80 lakh ha (90.5% of Normal) area coverage under Kharif Rice as compared to 325.36 lakh ha during the corresponding period of last year.
-
Soybean : About 119.51 lakh ha (93.7 % of Normal) area coverage under Soyabean has been reported as compared to 124.24 lakh ha during the corresponding period of last year.
-
Sugarcane : About 57.31 lakh ha area coverage under Sugarcane has been reported as compared to 55.68 lakh ha during the corresponding period of last year.
-
Cotton : About 106.96 lakh ha (82.6% of Normal) area coverage has been reported compared to 110.49 lakh ha during the corresponding period of last year.",Minutes of the meeting of CWWG as on 11.08.2025_p1_c2
2025-08-18,Uttarakhand,Reported Statistic,"Rice : About 398.59 lakh ha (98.9% of Normal) area coverage under Kharif Rice as compared to 362.92 lakh ha during the corresponding period of last year.
- Moong : About 33.70 lakh ha (94.4% of Normal) area coverage under Moong as compared to 32.76 lakh ha during the corresponding period of last year.
- Soybean : About 119.82 lakh ha (94.2% of Normal) area coverage under Soybean has been reported as compared to 124.59 lakh ha during the corresponding period of last year.
- Sugarcane : About 57.31 lakh ha area coverage under Sugarcane has been reported as compared to 55.68 lakh ha during the corresponding period of last year.
- Cotton : About 107.87 lakh ha (84.1% of Normal) area coverage has been reported compared to 111.11 lakh ha during the corresponding period of last year.",Minutes of the meeting of CWWG as on 18.08.2025_p1_c3
2025-08-25,All India,Reported Statistic,"Rice : About 420.41 lakh ha (104.3% of Normal) area coverage under Kharif Rice as compared to 390.80 lakh ha during the corresponding period of last year.
- Moong : About 33.95 lakh ha (95.1% of Normal) area coverage under Moong as compared to 33.50 lakh ha during the corresponding period of last year.
- Soybean : About 120.11 lakh ha (94.4% of Normal) area coverage under Soyabean has been reported as compared to 124.88 lakh ha during the corresponding period of last year.
- Sugarcane : About 57.31 lakh ha area coverage under Sugarcane has been reported as compared to 55.68 lakh ha during the corresponding period of last year.
- Cotton : About 108.47 lakh ha (83.8% of Normal) area coverage has been reported compared to 111.39 lakh ha during the corresponding period of last year.",Minutes of the meeting of CWWG as on 25.08.2025_p1_c1
2025-09-08,Karnataka,Reported Statistic,"Rice : About 438.28 lakh ha (108.7% of Normal) area coverage under Kharif Rice as compared to 418.66 lakh ha during the corresponding period of last year.
- Maize : About 94.62 lakh ha (119.8% of Normal) area coverage under Maize has been reported as compared to 84.30 lakh ha during the corresponding period of last year.
- Moong : About 34.22 lakh ha (95.9% of Normal) area coverage under Moong as compared to 34.09 lakh ha during the corresponding period of last year.
- Soybean : About 120.32 lakh ha (94.6% of Normal) area coverage under Soyabean has been reported as compared to 126.05 lakh ha during the corresponding period of last year.
- Sugarcane : About 57.31 lakh ha area coverage under Sugarcane has been reported as compared to 55.68 lakh ha during the corresponding period of last year.
- Cotton : About 109.17 lakh ha (84.3% of Normal) area coverage has been reported compared to 112.13 lakh ha during the corresponding period of last year.",Minutes of the meeting of CWWG as on 08.09.2025_p1_c2
2026-06-29,Punjab,Reported Statistic," Sugarcane : About 57.31 lakh ha area coverage (106% of Normal area) has been reported compared to 56.64 lakh ha during the corresponding period of last year.
-
Cotton : About 29.66 lakh ha area coverage has been reported compared to 45.36 lakh ha during the corresponding period of last year.
-
Jute : About 6.25 lakh ha area coverage has been reported compared to 6.13 lakh ha during the corresponding period of last year. Progress of area coverage under Kharif crops as on 25.06.2026 Area: In lakh hactare Progress of area coverage under Kharif crops as on 25.06.2026 Area: In lakh hactare Progress of area coverage under Kharif crops as on 25.06.2026 Area: In lakh hactare Progress of area coverage under Kharif crops as on 25.06.2026 Area: In lakh hactare Progress of area coverage under Kharif crops as on 25.06.2026 Area: In lakh hactare Progress of area coverage under Kharif crops as on 25.06.2026 Area: In lakh hactare Progress of area coverage under Kharif crops as on 25.06.2026 Area: In lakh hactare --------------------------------------------------------------------------------------- --------------------------------------------------------------------------------------- --------------------------------------------------------------------------------------- --------------------------------------------------------------------------------------- --------------------------------------------------------------------------------------- --------------------------------------------------------------------------------------- --------------------------------------------------------------------------------------- S. Normal Area (2020-21 to 2024- 25) Final Area Coverage 2025 Area covered as on date Area covered as on date Increase(+)/ Decrease(-) over 2025 No. Crop 2026 2025 1 Rice 412.00 446.70 25.75 34.41 8.65 2 Pulses 123.64 118.97 14.92 21.46 6.53 a Arhar 44.32 44.60 3.56 8.45 4.89 b Urdbean 29.60 21.26 1.07 2.51 1.44 c Moongbean 35.48 37.45 8.37 8.63 0.26 d Kulthi 1.48 0.13 0.10 0.03 e Mothbean 9.69 0.82 0.56 0.26 f Other pulses* 3.07 15.66 0.98 1.21 0.23 3 Shri Anna cum Coarse cereals 182.63 192.12 31.84 36.07 4.23 a Jowar 14.44 12.10 3.38 2.70 0.68 b Bajra** 70.94 63.80 11.34 13.06 1.72 c Ragi 12.01 13.46 0.66 0.73 0.07 d Small millets 4.47 4.15 0.75 0.97 0.22 e Maize 80.77 98.61 15.71 18.61 2.90 4 Oilseeds 200.08 196.38 16.99 36.41 19.42 a Groundnut 46.79 50.29 8.87 15.29 6.42 b Soybean 128.71 123.86 6.92 19.97 13.05 c Sunflower 1.20 0.88 0.73 0.44 0.29 d Sesamum** 12.88 9.63 0.36 0.63 0.27 e Niger 1.01 0.83 0.02 0.00 0.02 f Castor 9.49 10.89 0.04 0.03 0.01 g Other Oilseeds 0.00 0.04 0.04 0.00 5 Sugarcane 54.20 58.84 57.31 56.64 0.67 6 Jute & Mesta 6.40 6.06 6.25 6.13 0.12 7 Cotton 125.51 115.20 29.66 45.36 15.70 Total Total 1104.46 1134.27 182.72 236.46 53.74",Minutes of the meeting of CWWG as on 29.06.2026_p1_c3
2026-07-13,All India,Reported Statistic," Sugarcane : About 57.58 lakh ha area coverage (106% of Normal area) has been reported compared to 56.72 lakh ha during the corresponding period of last year.
-
Cotton : About 79.54 lakh ha area coverage has been reported compared to 93.95 lakh ha during the corresponding period of last year.
-
Jute : About 6.28 lakh ha area coverage has been reported compared to 6.16 lakh ha during the corresponding period of last year. Progress of area coverage under Kharif crops as on 10.07.2026 Area: In lakh hactare Progress of area coverage under Kharif crops as on 10.07.2026 Area: In lakh hactare Progress of area coverage under Kharif crops as on 10.07.2026 Area: In lakh hactare Progress of area coverage under Kharif crops as on 10.07.2026 Area: In lakh hactare Progress of area coverage under Kharif crops as on 10.07.2026 Area: In lakh hactare Progress of area coverage under Kharif crops as on 10.07.2026 Area: In lakh hactare Progress of area coverage under Kharif crops as on 10.07.2026 Area: In lakh hactare --------------------------------------------------------------------------------------- --------------------------------------------------------------------------------------- --------------------------------------------------------------------------------------- --------------------------------------------------------------------------------------- --------------------------------------------------------------------------------------- --------------------------------------------------------------------------------------- --------------------------------------------------------------------------------------- S. No. Normal Area (2020-21 to 2024- 25) Final Area Coverage 2025 Area covered as on date Area covered as on date Increase(+)/ Decrease(-) over 2025 S. No. Normal Area (2020-21 to 2024- 25) Final Area Coverage 2025 2026 2025 Increase(+)/ Decrease(-) over 2025 1 Rice 412.00 446.70 114.69 125.53 10.84 2 Pulses 123.64 118.97 56.63 73.85 17.22 a Arhar 44.32 44.60 19.54 28.03 8.49 b Urdbean 29.60 21.26 9.34 13.29 3.95 c Moongbean 35.48 37.45 21.52 24.08 2.56 d Kulthi 1.48 0.14 0.13 0.01 e Mothbean 9.69 4.40 6.12 1.72 f Other pulses* 3.07 15.66 1.69 2.20 0.52 3 Shri Anna cum Coarse cereals 182.63 192.12 98.69 127.30 28.61 a Jowar 14.44 12.10 6.88 9.01 2.13 b Bajra** 70.94 63.80 33.76 45.98 12.22 c Ragi 12.01 13.46 0.93 1.11 0.18 d Small millets 4.47 4.15 1.16 1.64 0.48 e Maize 80.77 98.61 55.97 69.56 13.59 4 Oilseeds 200.08 196.38 117.83 149.18 31.34 a Groundnut 46.79 50.29 23.40 35.45 12.05 b Soybean 128.71 123.86 90.51 107.72 17.21 c Sunflower 1.20 0.88 0.86 0.53 0.33 d Sesamum** 12.88 9.63 2.79 5.17 2.38 e Niger 1.01 0.83 0.06 0.01 0.05 f Castor 9.49 10.89 0.14 0.24 0.10 g Other Oilseeds 0.00 0.07 0.05 0.03 5 Sugarcane 54.20 58.84 57.58 56.72 0.86 6 Jute & Mesta 6.40 6.06 6.28 6.16 0.12 7 Cotton 125.51 115.20 79.54 93.95 14.41 Total Total 1104.46 1134.27 531.25 632.69 101.44",Minutes of the meeting of CWWG as on 13.07.2026_p1_c2
